EmployeeID,FirstName,MiddleName,LastName,Office
4000,Ricky,V,Rubio,Ontario
4001,Ronnie,W,Luna,Ontario
4002,Jesse,E,Thomas,Rialto
4003,Elva,X,Roberson,Upland
4004,Jeanette,B,Park,San Bernardino
4005,Lulu,G,Kelly,Fontana
4006,Steve,X,Bridges,Fontana
4007,Ellen,P,Parks,San Bernardino
4008,Lilly,Z,Franklin,San Bernardino
4009,Nelle,U,Payne,Upland
4010,Ian,V,Chandler,Fontana
4011,Victoria,K,Hamilton,Rialto
4012,Leonard,L,Flowers,Upland
4013,Jeremy,W,Briggs,San Bernardino
4014,Maggie,Z,Cohen,Ontario
4015,Linnie,J,Hawkins,Ontario
4016,Devin,Z,Cooper,San Bernardino
4017,Harriet,G,Sandoval,San Bernardino
4018,Dorothy,E,Dennis,Upland
4019,May,D,Shaw,Rialto
4020,Edna,Y,Phelps,Rialto
4021,Bobby,N,Morgan,Fontana
4022,Timothy,O,McCormick,Fontana
4023,Leah,J,Beck,Rialto
4024,Lily,L,Ramirez,San Bernardino
4025,Agnes,X,Beck,Fontana
4026,Jim,E,Vasquez,Fontana
4027,Juan,W,Warren,Rialto
4028,Leroy,T,Thornton,San Bernardino
4029,Virgie,Z,Stanley,San Bernardino
4030,Virginia,O,Salazar,Ontario
4031,Evan,T,Kennedy,Fontana
4032,Billy,Z,Brewer,Fontana
4033,Pearl,H,Pena,Upland
4034,Joel,N,Burgess,San Bernardino
4035,Gavin,N,Adkins,Rialto
4036,Christian,C,Dunn,San Bernardino
4037,Aiden,U,Mack,Rialto
4038,Ruth,P,Klein,Rialto
4039,Sallie,I,Franklin,Rialto
4040,Carlos,R,Salazar,San Bernardino
4041,Victoria,D,Warren,Ontario
4042,Fred,J,Wilson,Upland
4043,Delia,X,Cortez,Upland
4044,Effie,Q,Turner,Upland
4045,Emilie,I,Conner,Fontana
4046,Bess,R,Gordon,Ontario
4047,Willie,S,Leonard,San Bernardino
4048,Mason,U,McDonald,Ontario
4049,Cecilia,J,Greer,San Bernardino
4050,Cora,M,Lindsey,San Bernardino
4051,Brandon,O,McBride,Ontario
4052,Lois,F,Cole,Upland
4053,Mollie,R,Jackson,Fontana
4054,Evan,I,Mobley,Fontana
4055,Sophie,F,Henry,Upland
4056,Elmer,F,Ballard,Upland
4057,Hulda,N,Fleming,San Bernardino
4058,Minnie,K,Webb,Upland
4059,Winifred,X,Bowman,Fontana
4060,Christina,U,Perez,Upland
4061,Bess,C,Delgado,Upland
4062,Charles,G,Carroll,San Bernardino
4063,Nell,I,Wilson,Fontana
4064,Cody,L,Massey,San Bernardino
4065,Ralph,L,Park,Upland
4066,Callie,B,Hart,Fontana
4067,Cameron,O,King,San Bernardino
4068,Lucas,Z,Tate,San Bernardino
4069,Collin,D,Sexton,Rialto
4070,Kyle,D,Ortiz,San Bernardino
4071,Erik,P,Roy,Ontario
4072,Birdie,C,Hale,Upland
4073,Charlie,P,Klein,Rialto
4074,Andre,B,Hughes,Upland
4075,Marguerite,H,Chavez,Fontana
4076,Fred,Z,Brock,Fontana
4077,Gordon,T,Collins,Rialto
4078,Olga,V,Todd,Fontana
4079,Philip,B,Cole,Fontana
4080,Glenn,R,Gibson,San Bernardino
4081,Sam,H,Merrill,San Bernardino
4082,Vera,K,White,San Bernardino
4083,Ellen,Y,Moody,Ontario
4084,Andre,H,Cox,Ontario
4085,Grace,M,Rodriguez,Ontario
4086,Ina,U,Chambers,Fontana
4087,Alberta,Y,Rice,Ontario
4088,Ray,C,Newton,Ontario
4089,Cody,Z,Love,Upland
4090,Ronnie,O,Holloway,Upland
4091,Troy,U,Jennings,Fontana
4092,Bill,J,Houston,San Bernardino
4093,Della,Q,Wise,Ontario
4094,Dennis,L,Moreno,Fontana
4095,Chad,E,Torres,Fontana
4096,Alberta,A,Chavez,San Bernardino
4097,Hulda,G,Reynolds,Rialto
4098,Pearl,I,Roberts,Upland

